lig_name,lig_chainID,lig_resnum,res_name,res_chainID,res_resnum,min_dist
CAF,A,65,ASP,A,64,1.3345827241126726
CAF,A,65,THR,A,66,1.3233324630643681
CAF,A,65,ASN,A,120,2.73639286890607
CAF,A,130,VAL,A,126,2.9249282376837895
CAF,A,130,ALA,A,129,1.3292298363338075
CAF,A,130,TRP,A,131,1.3317186653719304
CAF,A,130,GLY,A,134,2.9367800283133216
CAF,A,130,ILE,A,135,2.7788013579599378
A1MCX,A,301,GLU,A,170,2.867527548568628
A1MCX,A,301,HIS,A,171,2.9285830732625633
A1MCX,A,301,THR,A,174,2.86716248674539
1PE,A,302,LYS,A,173,2.6713501049469333
SO4,A,303,HIS,A,171,2.8458297836834863
SO4,A,303,LEU,A,172,2.867593092211653
SO4,A,304,THR,A,66,2.9813815732307742
SO4,A,304,HIS,A,67,2.904181774510678
SO4,A,305,THR,A,125,2.6453984050422354
